{
    "loss": 11.801721572875977,
    "accuracy": 0.9830508232116699
}